{"frameRate":30,"name":"Pers_2020","version":"5.5","compatibleVersion":"5.5","armature":[{"name":"player","bone":[{"inheritScale":false,"name":"left leg","transform":{"x":8.37,"y":-16.49}},{"inheritScale":false,"name":"left hand","transform":{"x":34.72,"y":-59.84}},{"inheritScale":false,"name":"body","transform":{"x":-11.13,"y":-61.5}},{"inheritScale":false,"name":"right leg","transform":{"x":-9.73,"y":-10.45}},{"inheritScale":false,"name":"head","transform":{"x":-13.6,"y":-148.88}},{"inheritScale":false,"name":"right hand","transform":{"x":-53.89,"y":-56.27,"skX":15,"skY":15}},{"inheritScale":false,"name":"dighand","transform":{"x":-70.68,"y":-59.84}},{"inheritScale":false,"name":"digleg","transform":{"x":-23.33,"y":-10.45}},{"inheritScale":false,"name":"effects stun","transform":{"x":19.13,"y":-149.43,"skX":-30,"skY":-30}}],"slot":[{"name":"left leg","parent":"left leg"},{"name":"left hand","parent":"left hand"},{"name":"body","parent":"body"},{"name":"right leg","parent":"right leg"},{"name":"head","parent":"head"},{"name":"right hand","parent":"right hand"},{"name":"dighand","parent":"dighand"},{"name":"digleg","parent":"digleg"},{"name":"effects stun","parent":"effects stun"}],"skin":[{"slot":[{"name":"left leg","display":[{"type":"armature","name":"dbanims/LegsDB","transform":{"x":2.3,"y":6.03}}]},{"name":"left hand","display":[{"type":"armature","name":"dbanims/LeftHandDB"}]},{"name":"body","display":[{"type":"armature","name":"BodyDB"}]},{"name":"right leg","display":[{"type":"armature","name":"dbanims/LegsDB"}]},{"name":"head","display":[{"type":"armature","name":"HeadsDB"}]},{"name":"right hand","display":[{"type":"armature","name":"dbanims/RightHandDB","transform":{"x":0.04,"y":0.04}}]},{"name":"dighand","display":[{"type":"armature","name":"dbanims/LeftHandDB2"}]},{"name":"digleg","display":[{"type":"armature","name":"dbanims/LegsDB2"}]},{"name":"effects stun","display":[{"type":"armature","name":"dbanims/tears_01","transform":{"x":-0.04,"y":0.04}},{"type":"armature","name":"dbanims/CupDB","transform":{"y":0.04}}]}]}],"animation":[{"duration":22,"playTimes":0,"fadeInTime":0.1,"name":"idle","bone":[{"name":"left leg","translateFrame":[{"duration":21,"tweenEasing":0},{"tweenEasing":0,"x":0.01,"y":0.01}],"scaleFrame":[{"duration":22}]},{"name":"left hand","translateFrame":[{"duration":8,"tweenEasing":1},{"duration":10,"tweenEasing":-1,"x":-4.25,"y":-5.14},{"duration":3,"tweenEasing":-1,"x":0.17,"y":-0.04},{"tweenEasing":1}],"rotateFrame":[{"duration":8,"tweenEasing":1},{"duration":10,"tweenEasing":-1},{"duration":3,"tweenEasing":-1,"rotate":15},{"tweenEasing":1}],"scaleFrame":[{"duration":22}]},{"name":"body","translateFrame":[{"duration":8,"tweenEasing":1},{"duration":10,"tweenEasing":-1,"y":-4.21},{"duration":3,"tweenEasing":-1,"y":1.11},{"tweenEasing":0,"y":0.51}],"scaleFrame":[{"duration":8,"tweenEasing":1},{"duration":10,"tweenEasing":-1,"y":1.0566},{"duration":3,"tweenEasing":-1,"y":0.9675},{"tweenEasing":0,"y":0.9858}]},{"name":"right leg","scaleFrame":[{"duration":22}]},{"name":"head","translateFrame":[{"duration":8,"tweenEasing":1},{"duration":10,"tweenEasing":-1,"y":-5.27},{"duration":3,"tweenEasing":-1,"x":2.81,"y":2.38},{"tweenEasing":0,"x":1.27,"y":1.02}],"rotateFrame":[{"duration":8,"tweenEasing":1},{"duration":10,"tweenEasing":-1,"rotate":-4.2},{"duration":3,"tweenEasing":-1,"rotate":2.22},{"tweenEasing":0,"rotate":0.8}],"scaleFrame":[{"duration":22}]},{"name":"right hand","translateFrame":[{"duration":8,"tweenEasing":1},{"duration":10,"tweenEasing":-1,"x":-2.09,"y":-2.91},{"duration":3,"tweenEasing":-1,"x":2.72,"y":0.56},{"tweenEasing":0}],"rotateFrame":[{"duration":8,"tweenEasing":1},{"duration":10,"tweenEasing":-1,"rotate":4.78},{"duration":3,"tweenEasing":-1,"rotate":-15},{"tweenEasing":0}],"scaleFrame":[{"duration":22}]},{"name":"dighand","scaleFrame":[{"duration":22,"tweenEasing":0}]},{"name":"digleg","scaleFrame":[{"duration":22,"tweenEasing":0}]}],"slot":[{"name":"dighand","colorFrame":[{"duration":22,"tweenEasing":0,"value":{"aM":0}}]},{"name":"digleg","colorFrame":[{"duration":22,"tweenEasing":0,"value":{"aM":0}}]},{"name":"effects stun","displayFrame":[{"value":-1}]}]},{"duration":15,"fadeInTime":0.01,"name":"sad","bone":[{"name":"left leg","translateFrame":[{"duration":15,"x":0.01,"y":0.01}],"scaleFrame":[{"duration":15}]},{"name":"left hand","translateFrame":[{"duration":3,"tweenEasing":0,"x":21.25,"y":-0.04},{"duration":12,"x":21.51,"y":16.02}],"scaleFrame":[{"duration":15}]},{"name":"body","scaleFrame":[{"duration":15}]},{"name":"right leg","scaleFrame":[{"duration":15}]},{"name":"head","translateFrame":[{"duration":3,"tweenEasing":0},{"duration":12,"x":34.86,"y":16.93}],"rotateFrame":[{"duration":3,"tweenEasing":0},{"duration":12,"rotate":30}],"scaleFrame":[{"duration":15}]},{"name":"right hand","translateFrame":[{"duration":3,"tweenEasing":0},{"duration":12,"y":13.94}],"scaleFrame":[{"duration":15}]},{"name":"dighand","scaleFrame":[{"duration":15,"tweenEasing":0}]},{"name":"digleg","scaleFrame":[{"duration":15,"tweenEasing":0}]},{"name":"effects stun","translateFrame":[{"duration":3,"tweenEasing":0},{"duration":12,"x":28.13,"y":34.72}],"rotateFrame":[{"duration":3,"tweenEasing":0},{"duration":12,"rotate":30}],"scaleFrame":[{"duration":15}]}],"slot":[{"name":"left leg","colorFrame":[{"duration":15,"value":{"rM":85,"gM":85,"bM":85}}]},{"name":"dighand","colorFrame":[{"duration":15,"tweenEasing":0,"value":{"aM":0}}]},{"name":"digleg","colorFrame":[{"duration":15,"tweenEasing":0,"value":{"aM":0}}]}]},{"duration":4,"fadeInTime":0.01,"name":"sad0","bone":[{"name":"left leg","translateFrame":[{"duration":4,"x":0.01,"y":0.01}],"scaleFrame":[{"duration":4}]},{"name":"left hand","translateFrame":[{"duration":3,"tweenEasing":0,"x":21.51,"y":16.02},{"tweenEasing":0,"x":21.25,"y":-0.04}],"scaleFrame":[{"duration":4}]},{"name":"body","scaleFrame":[{"duration":4}]},{"name":"right leg","scaleFrame":[{"duration":4}]},{"name":"head","translateFrame":[{"duration":3,"tweenEasing":0,"x":34.86,"y":16.93},{"tweenEasing":0}],"rotateFrame":[{"duration":3,"tweenEasing":0,"rotate":30},{"tweenEasing":0}],"scaleFrame":[{"duration":4}]},{"name":"right hand","translateFrame":[{"duration":3,"tweenEasing":0,"y":13.94},{"tweenEasing":0}],"scaleFrame":[{"duration":4}]},{"name":"dighand","scaleFrame":[{"duration":23,"tweenEasing":0}]},{"name":"digleg","scaleFrame":[{"duration":23,"tweenEasing":0}]},{"name":"effects stun","translateFrame":[{"tweenEasing":0,"x":28.13,"y":34.72},{"tweenEasing":0,"x":15.04,"y":26.22},{"tweenEasing":0,"x":6.85,"y":10.14},{"tweenEasing":0,"x":-4.13,"y":-0.51}],"rotateFrame":[{"tweenEasing":0,"rotate":30},{"tweenEasing":0,"rotate":30},{"tweenEasing":0,"rotate":10.17},{"tweenEasing":0}],"scaleFrame":[{"tweenEasing":0},{"tweenEasing":0},{"tweenEasing":0,"x":0.999,"y":0.999},{"tweenEasing":0}]}],"slot":[{"name":"left leg","colorFrame":[{"duration":4,"value":{"rM":85,"gM":85,"bM":85}}]},{"name":"dighand","colorFrame":[{"duration":23,"tweenEasing":0,"value":{"aM":0}}]},{"name":"digleg","colorFrame":[{"duration":23,"tweenEasing":0,"value":{"aM":0}}]}]},{"duration":19,"playTimes":0,"name":"happiness","bone":[{"name":"left leg","translateFrame":[{"duration":2,"tweenEasing":0,"x":0.01,"y":0.01},{"duration":6,"tweenEasing":1,"x":0.01,"y":0.01},{"duration":8,"tweenEasing":-1,"x":13.16,"y":-40.23},{"duration":3,"x":0.01,"y":0.01}],"rotateFrame":[{"duration":2,"tweenEasing":0},{"duration":6,"tweenEasing":1},{"duration":8,"tweenEasing":-1,"rotate":60},{"duration":3}],"scaleFrame":[{"duration":19}]},{"name":"left hand","translateFrame":[{"duration":2,"tweenEasing":0,"x":21.25,"y":-0.04},{"duration":6,"tweenEasing":1,"x":22.78,"y":13.56},{"duration":8,"tweenEasing":-1,"x":51.38,"y":-102.83},{"duration":2,"tweenEasing":0,"x":22.78,"y":13.56},{"tweenEasing":0,"x":21.25,"y":-0.04}],"rotateFrame":[{"duration":2,"tweenEasing":0},{"duration":6,"tweenEasing":1},{"duration":8,"tweenEasing":-1,"rotate":-45},{"duration":3}],"scaleFrame":[{"duration":19}]},{"name":"body","translateFrame":[{"duration":2,"tweenEasing":0},{"duration":6,"tweenEasing":1,"x":-1.02,"y":10.67},{"duration":8,"tweenEasing":-1,"y":-64.6},{"duration":2,"tweenEasing":0,"x":-1.02,"y":10.67},{"tweenEasing":0}],"rotateFrame":[{"duration":2,"tweenEasing":0},{"duration":6,"tweenEasing":1,"rotate":4.19},{"duration":8,"tweenEasing":-1},{"duration":2,"tweenEasing":0,"rotate":4.19},{"tweenEasing":0}],"scaleFrame":[{"duration":19}]},{"name":"right leg","translateFrame":[{"duration":2,"tweenEasing":0},{"duration":6,"tweenEasing":1},{"duration":8,"tweenEasing":-1,"x":-0.61,"y":-48.7},{"duration":3}],"rotateFrame":[{"duration":2,"tweenEasing":0},{"duration":6,"tweenEasing":1},{"duration":8,"tweenEasing":-1,"rotate":60},{"duration":3}],"scaleFrame":[{"duration":19}]},{"name":"head","translateFrame":[{"duration":2,"tweenEasing":0},{"duration":6,"tweenEasing":1,"x":13.26,"y":21.52},{"duration":8,"tweenEasing":-1,"x":-16.39,"y":-64.56},{"duration":2,"tweenEasing":0,"x":13.26,"y":21.52},{"tweenEasing":0}],"rotateFrame":[{"duration":2,"tweenEasing":0},{"duration":6,"tweenEasing":1,"rotate":12.65},{"duration":8,"tweenEasing":-1,"rotate":-21.25},{"duration":2,"tweenEasing":0,"rotate":12.65},{"tweenEasing":0}],"scaleFrame":[{"duration":19}]},{"name":"right hand","translateFrame":[{"duration":2,"tweenEasing":0},{"duration":6,"tweenEasing":1,"x":-5.98,"y":6.92},{"duration":8,"tweenEasing":-1,"x":-33.08,"y":-94.41},{"duration":2,"tweenEasing":0,"x":-5.98,"y":6.92},{"tweenEasing":0}],"rotateFrame":[{"duration":2,"tweenEasing":0},{"duration":6,"tweenEasing":1},{"duration":8,"tweenEasing":-1,"rotate":60},{"duration":3}],"scaleFrame":[{"duration":19}]},{"name":"dighand","scaleFrame":[{"duration":19,"tweenEasing":0}]},{"name":"digleg","scaleFrame":[{"duration":19,"tweenEasing":0}]},{"name":"effects stun","translateFrame":[{"tweenEasing":0,"x":46.79,"y":62.48},{"tweenEasing":0,"x":46.72,"y":69.67},{"tweenEasing":0,"x":46.76,"y":76.9},{"tweenEasing":0,"x":50.18,"y":36.84},{"tweenEasing":0,"x":52.95,"y":4.16},{"tweenEasing":0,"x":55.12,"y":-21.38},{"tweenEasing":0,"x":56.69,"y":-39.57},{"tweenEasing":0,"x":57.68,"y":-50.53},{"tweenEasing":0,"x":57.98,"y":-54.18},{"tweenEasing":0,"x":57.81,"y":-52.11},{"tweenEasing":0,"x":57.3,"y":-45.98},{"tweenEasing":0,"x":56.44,"y":-35.7},{"tweenEasing":0,"x":55.12,"y":-21.39},{"tweenEasing":0,"x":53.59,"y":-2.93},{"tweenEasing":0,"x":51.74,"y":19.6},{"tweenEasing":0,"x":49.53,"y":46.21},{"tweenEasing":0,"x":46.76,"y":76.9},{"tweenEasing":0,"x":46.72,"y":69.67},{"tweenEasing":0,"x":46.79,"y":62.48}],"rotateFrame":[{"tweenEasing":0,"rotate":69.45},{"tweenEasing":0,"rotate":69.38},{"tweenEasing":0,"rotate":69.45},{"tweenEasing":0,"rotate":60.31},{"tweenEasing":0,"rotate":52.79},{"tweenEasing":0,"rotate":46.82},{"tweenEasing":0,"rotate":42.77},{"tweenEasing":0,"rotate":40.26},{"tweenEasing":0,"rotate":39.45},{"tweenEasing":0,"rotate":39.8},{"tweenEasing":0,"rotate":41.28},{"tweenEasing":0,"rotate":43.55},{"tweenEasing":0,"rotate":46.82},{"tweenEasing":0,"rotate":51.07},{"tweenEasing":0,"rotate":56.31},{"tweenEasing":0,"rotate":62.35},{"tweenEasing":0,"rotate":69.45},{"tweenEasing":0,"rotate":69.38},{"tweenEasing":0,"rotate":69.45}],"scaleFrame":[{"tweenEasing":0},{"tweenEasing":0,"x":0.9984,"y":0.9984},{"tweenEasing":0},{"tweenEasing":0,"x":0.9985,"y":0.9985},{"tweenEasing":0,"x":0.9988,"y":0.9988},{"tweenEasing":0,"x":0.9991,"y":0.9991},{"tweenEasing":0,"x":0.9993,"y":0.9993},{"tweenEasing":0,"x":0.9994,"y":0.9994},{"tweenEasing":0},{"tweenEasing":0,"x":0.9994,"y":0.9994},{"tweenEasing":0,"x":0.9994,"y":0.9994},{"tweenEasing":0,"x":0.9993,"y":0.9993},{"tweenEasing":0,"x":0.9991,"y":0.9991},{"tweenEasing":0,"x":0.9989,"y":0.9989},{"tweenEasing":0,"x":0.9987,"y":0.9987},{"tweenEasing":0,"x":0.9985,"y":0.9985},{"tweenEasing":0},{"tweenEasing":0,"x":0.9984,"y":0.9984},{"tweenEasing":0}]}],"slot":[{"name":"left leg","colorFrame":[{"duration":19,"value":{"rM":85,"gM":85,"bM":85}}]},{"name":"dighand","colorFrame":[{"duration":19,"tweenEasing":0,"value":{"aM":0}}]},{"name":"digleg","colorFrame":[{"duration":19,"tweenEasing":0,"value":{"aM":0}}]},{"name":"effects stun","displayFrame":[{"duration":19,"value":1}]}]}]},{"name":"dbanims/LegsDB","bone":[{"inheritScale":false,"name":"Layer_5","transform":{"x":-2.51,"y":-1.15}}],"slot":[{"name":"Layer_5","parent":"Layer_5"}],"skin":[{"slot":[{"name":"Layer_5","display":[{"name":"l0","transform":{"x":0.19,"y":0.42}},{"name":"l1","transform":{"x":0.19,"y":0.42}},{"name":"l2","transform":{"x":0.19,"y":0.42}},{"name":"l3","transform":{"x":0.19,"y":0.42}},{"name":"l4","transform":{"x":0.19,"y":0.42}},{"name":"l5","transform":{"x":0.19,"y":0.42}},{"name":"l6","transform":{"x":0.19,"y":0.42}},{"name":"l7","transform":{"x":0.19,"y":0.42}},{"name":"l8","transform":{"x":0.19,"y":0.42}},{"name":"l9","transform":{"x":0.19,"y":0.42}},{"name":"l10","transform":{"x":0.19,"y":0.42}},{"name":"l11","transform":{"x":0.19,"y":0.42}},{"name":"l12","transform":{"x":0.19,"y":0.42}},{"name":"l13","transform":{"x":0.19,"y":0.42}},{"name":"l14","transform":{"x":0.19,"y":0.42}}]}]}],"animation":[{"name":"leg1","bone":[{"name":"Layer_5","scaleFrame":[{"tweenEasing":0}]}]},{"name":"leg2","bone":[{"name":"Layer_5","scaleFrame":[{"tweenEasing":0}]}],"slot":[{"name":"Layer_5","displayFrame":[{"value":1}]}]},{"name":"leg3","bone":[{"name":"Layer_5","scaleFrame":[{"tweenEasing":0}]}],"slot":[{"name":"Layer_5","displayFrame":[{"value":2}]}]},{"name":"leg4","bone":[{"name":"Layer_5","scaleFrame":[{"tweenEasing":0}]}],"slot":[{"name":"Layer_5","displayFrame":[{"value":3}]}]},{"name":"leg5","bone":[{"name":"Layer_5","scaleFrame":[{"tweenEasing":0}]}],"slot":[{"name":"Layer_5","displayFrame":[{"value":4}]}]},{"name":"leg6","bone":[{"name":"Layer_5","scaleFrame":[{"tweenEasing":0}]}],"slot":[{"name":"Layer_5","displayFrame":[{"value":5}]}]},{"name":"leg7","bone":[{"name":"Layer_5","scaleFrame":[{"tweenEasing":0}]}],"slot":[{"name":"Layer_5","displayFrame":[{"value":6}]}]},{"name":"leg8","bone":[{"name":"Layer_5","scaleFrame":[{"tweenEasing":0}]}],"slot":[{"name":"Layer_5","displayFrame":[{"value":7}]}]},{"name":"leg9","bone":[{"name":"Layer_5","scaleFrame":[{"tweenEasing":0}]}],"slot":[{"name":"Layer_5","displayFrame":[{"value":8}]}]},{"name":"leg10","bone":[{"name":"Layer_5","scaleFrame":[{"tweenEasing":0}]}],"slot":[{"name":"Layer_5","displayFrame":[{"value":9}]}]},{"name":"leg11","bone":[{"name":"Layer_5","translateFrame":[{"tweenEasing":0,"y":-0.04}],"scaleFrame":[{"tweenEasing":0}]}],"slot":[{"name":"Layer_5","displayFrame":[{"value":10}]}]},{"name":"leg12","bone":[{"name":"Layer_5","scaleFrame":[{"tweenEasing":0}]}],"slot":[{"name":"Layer_5","displayFrame":[{"value":11}]}]},{"name":"leg13","bone":[{"name":"Layer_5","scaleFrame":[{"tweenEasing":0}]}],"slot":[{"name":"Layer_5","displayFrame":[{"value":12}]}]},{"name":"leg14","bone":[{"name":"Layer_5","scaleFrame":[{"tweenEasing":0}]}],"slot":[{"name":"Layer_5","displayFrame":[{"value":13}]}]},{"name":"leg15","bone":[{"name":"Layer_5","scaleFrame":[{"tweenEasing":0}]}],"slot":[{"name":"Layer_5","displayFrame":[{"value":14}]}]}]},{"name":"BodyDB","bone":[{"inheritScale":false,"name":"Layer_5","transform":{"y":-11.13}}],"slot":[{"name":"Layer_5","parent":"Layer_5"}],"skin":[{"slot":[{"name":"Layer_5","display":[{"name":"b0","transform":{"x":0.71,"y":0.23}},{"name":"b1","transform":{"x":0.71,"y":0.23}},{"name":"b2","transform":{"x":0.71,"y":0.23}},{"name":"b3","transform":{"x":0.71,"y":0.23}},{"name":"b4","transform":{"x":0.71,"y":0.23}},{"name":"b5","transform":{"x":0.71,"y":0.23}},{"name":"b6","transform":{"x":0.71,"y":0.23}},{"name":"b7","transform":{"x":0.71,"y":0.23}},{"name":"b8","transform":{"x":0.71,"y":0.23}},{"name":"b9","transform":{"x":0.71,"y":0.23}},{"name":"b10","transform":{"x":0.71,"y":0.23}},{"name":"b11","transform":{"x":0.71,"y":0.23}},{"name":"b12","transform":{"x":0.71,"y":0.23}},{"name":"b13","transform":{"x":0.71,"y":0.23}},{"name":"b14","transform":{"x":0.71,"y":0.23}},{"name":"b15","transform":{"x":0.71,"y":0.23}},{"name":"b16","transform":{"x":0.71,"y":0.23}},{"name":"b17","transform":{"x":0.71,"y":0.23}},{"name":"b18","transform":{"x":0.71,"y":0.23}},{"name":"b19","transform":{"x":0.71,"y":0.23}},{"name":"b20","transform":{"x":0.71,"y":0.23}},{"name":"b21","transform":{"x":0.71,"y":0.23}},{"name":"b22","transform":{"x":0.71,"y":0.23}},{"name":"b23","transform":{"x":0.71,"y":0.23}},{"name":"b24","transform":{"x":0.71,"y":0.23}},{"name":"b25","transform":{"x":0.71,"y":0.23}},{"name":"b26","transform":{"x":0.71,"y":0.23}},{"name":"b27","transform":{"x":0.71,"y":0.23}},{"name":"b28","transform":{"x":0.71,"y":0.23}},{"name":"b29","transform":{"x":0.71,"y":0.23}},{"name":"b30","transform":{"x":0.71,"y":0.23}},{"name":"b31","transform":{"x":0.71,"y":0.23}},{"name":"b32","transform":{"x":0.67,"y":0.23}},{"name":"b33","transform":{"x":0.67,"y":0.23}},{"name":"b34","transform":{"x":0.71,"y":0.23}},{"name":"b35","transform":{"x":0.71,"y":0.23}},{"name":"b36","transform":{"x":0.71,"y":0.23}},{"name":"b37","transform":{"x":0.71,"y":0.23}},{"name":"b38","transform":{"x":0.71,"y":0.23}},{"name":"b39","transform":{"x":0.71,"y":0.23}},{"name":"b40","transform":{"x":0.71,"y":0.23}},{"name":"b41","transform":{"x":0.71,"y":0.23}},{"name":"b42","transform":{"x":0.71,"y":0.23}},{"name":"b43","transform":{"x":0.71,"y":0.23}},{"name":"b44","transform":{"x":0.71,"y":0.23}},{"name":"b45","transform":{"x":0.71,"y":0.23}},{"name":"d46","transform":{"x":0.71,"y":0.23}},{"name":"b47","transform":{"x":0.71,"y":0.23}}]}]}],"animation":[{"name":"body1","bone":[{"name":"Layer_5","scaleFrame":[{"tweenEasing":0}]}]},{"name":"body2","bone":[{"name":"Layer_5","scaleFrame":[{"tweenEasing":0}]}],"slot":[{"name":"Layer_5","displayFrame":[{"value":1}]}]},{"name":"body3","bone":[{"name":"Layer_5","scaleFrame":[{"tweenEasing":0}]}],"slot":[{"name":"Layer_5","displayFrame":[{"value":2}]}]},{"name":"body4","bone":[{"name":"Layer_5","scaleFrame":[{"tweenEasing":0}]}],"slot":[{"name":"Layer_5","displayFrame":[{"value":3}]}]},{"name":"body5","bone":[{"name":"Layer_5","scaleFrame":[{"tweenEasing":0}]}],"slot":[{"name":"Layer_5","displayFrame":[{"value":4}]}]},{"name":"body6","bone":[{"name":"Layer_5","scaleFrame":[{"tweenEasing":0}]}],"slot":[{"name":"Layer_5","displayFrame":[{"value":5}]}]},{"name":"body7","bone":[{"name":"Layer_5","scaleFrame":[{"tweenEasing":0}]}],"slot":[{"name":"Layer_5","displayFrame":[{"value":6}]}]},{"name":"body8","bone":[{"name":"Layer_5","scaleFrame":[{"tweenEasing":0}]}],"slot":[{"name":"Layer_5","displayFrame":[{"value":7}]}]},{"name":"body9","bone":[{"name":"Layer_5","scaleFrame":[{"tweenEasing":0}]}],"slot":[{"name":"Layer_5","displayFrame":[{"value":8}]}]},{"name":"body10","bone":[{"name":"Layer_5","scaleFrame":[{"tweenEasing":0}]}],"slot":[{"name":"Layer_5","displayFrame":[{"value":9}]}]},{"name":"body11","bone":[{"name":"Layer_5","scaleFrame":[{"tweenEasing":0}]}],"slot":[{"name":"Layer_5","displayFrame":[{"value":10}]}]},{"name":"body12","bone":[{"name":"Layer_5","scaleFrame":[{"tweenEasing":0}]}],"slot":[{"name":"Layer_5","displayFrame":[{"value":11}]}]},{"name":"body13","bone":[{"name":"Layer_5","scaleFrame":[{"tweenEasing":0}]}],"slot":[{"name":"Layer_5","displayFrame":[{"value":12}]}]},{"name":"body14","bone":[{"name":"Layer_5","scaleFrame":[{"tweenEasing":0}]}],"slot":[{"name":"Layer_5","displayFrame":[{"value":13}]}]},{"name":"body15","bone":[{"name":"Layer_5","scaleFrame":[{"tweenEasing":0}]}],"slot":[{"name":"Layer_5","displayFrame":[{"value":14}]}]},{"name":"body16","bone":[{"name":"Layer_5","scaleFrame":[{"tweenEasing":0}]}],"slot":[{"name":"Layer_5","displayFrame":[{"value":15}]}]},{"name":"body17","bone":[{"name":"Layer_5","scaleFrame":[{"tweenEasing":0}]}],"slot":[{"name":"Layer_5","displayFrame":[{"value":16}]}]},{"name":"body18","bone":[{"name":"Layer_5","scaleFrame":[{"tweenEasing":0}]}],"slot":[{"name":"Layer_5","displayFrame":[{"value":17}]}]},{"name":"body19","bone":[{"name":"Layer_5","scaleFrame":[{"tweenEasing":0}]}],"slot":[{"name":"Layer_5","displayFrame":[{"value":18}]}]},{"name":"body20","bone":[{"name":"Layer_5","scaleFrame":[{"tweenEasing":0}]}],"slot":[{"name":"Layer_5","displayFrame":[{"value":19}]}]},{"name":"body21","bone":[{"name":"Layer_5","scaleFrame":[{"tweenEasing":0}]}],"slot":[{"name":"Layer_5","displayFrame":[{"value":20}]}]},{"name":"body22","bone":[{"name":"Layer_5","scaleFrame":[{"tweenEasing":0}]}],"slot":[{"name":"Layer_5","displayFrame":[{"value":21}]}]},{"name":"body23","bone":[{"name":"Layer_5","scaleFrame":[{"tweenEasing":0}]}],"slot":[{"name":"Layer_5","displayFrame":[{"value":22}]}]},{"name":"body24","bone":[{"name":"Layer_5","scaleFrame":[{"tweenEasing":0}]}],"slot":[{"name":"Layer_5","displayFrame":[{"value":23}]}]},{"name":"body25","bone":[{"name":"Layer_5","scaleFrame":[{"tweenEasing":0}]}],"slot":[{"name":"Layer_5","displayFrame":[{"value":24}]}]},{"name":"body26","bone":[{"name":"Layer_5","scaleFrame":[{"tweenEasing":0}]}],"slot":[{"name":"Layer_5","displayFrame":[{"value":25}]}]},{"name":"body27","bone":[{"name":"Layer_5","scaleFrame":[{"tweenEasing":0}]}],"slot":[{"name":"Layer_5","displayFrame":[{"value":26}]}]},{"name":"body28","bone":[{"name":"Layer_5","scaleFrame":[{"tweenEasing":0}]}],"slot":[{"name":"Layer_5","displayFrame":[{"value":27}]}]},{"name":"body29","bone":[{"name":"Layer_5","scaleFrame":[{"tweenEasing":0}]}],"slot":[{"name":"Layer_5","displayFrame":[{"value":28}]}]},{"name":"body30","bone":[{"name":"Layer_5","scaleFrame":[{"tweenEasing":0}]}],"slot":[{"name":"Layer_5","displayFrame":[{"value":29}]}]},{"name":"body31","bone":[{"name":"Layer_5","scaleFrame":[{"tweenEasing":0}]}],"slot":[{"name":"Layer_5","displayFrame":[{"value":30}]}]},{"name":"body32","bone":[{"name":"Layer_5","scaleFrame":[{"tweenEasing":0}]}],"slot":[{"name":"Layer_5","displayFrame":[{"value":31}]}]},{"name":"body33","bone":[{"name":"Layer_5","translateFrame":[{"tweenEasing":0,"x":0.04}],"scaleFrame":[{"tweenEasing":0}]}],"slot":[{"name":"Layer_5","displayFrame":[{"value":32}]}]},{"name":"body34","bone":[{"name":"Layer_5","translateFrame":[{"tweenEasing":0,"x":0.04}],"scaleFrame":[{"tweenEasing":0}]}],"slot":[{"name":"Layer_5","displayFrame":[{"value":33}]}]},{"name":"body35","bone":[{"name":"Layer_5","scaleFrame":[{"tweenEasing":0}]}],"slot":[{"name":"Layer_5","displayFrame":[{"value":34}]}]},{"name":"body36","bone":[{"name":"Layer_5","scaleFrame":[{"tweenEasing":0}]}],"slot":[{"name":"Layer_5","displayFrame":[{"value":35}]}]},{"name":"body37","bone":[{"name":"Layer_5","scaleFrame":[{"tweenEasing":0}]}],"slot":[{"name":"Layer_5","displayFrame":[{"value":36}]}]},{"name":"body38","bone":[{"name":"Layer_5","scaleFrame":[{"tweenEasing":0}]}],"slot":[{"name":"Layer_5","displayFrame":[{"value":37}]}]},{"name":"body39","bone":[{"name":"Layer_5","scaleFrame":[{"tweenEasing":0}]}],"slot":[{"name":"Layer_5","displayFrame":[{"value":38}]}]},{"name":"body40","bone":[{"name":"Layer_5","scaleFrame":[{"tweenEasing":0}]}],"slot":[{"name":"Layer_5","displayFrame":[{"value":39}]}]},{"name":"body41","bone":[{"name":"Layer_5","scaleFrame":[{"tweenEasing":0}]}],"slot":[{"name":"Layer_5","displayFrame":[{"value":40}]}]},{"name":"body42","bone":[{"name":"Layer_5","scaleFrame":[{"tweenEasing":0}]}],"slot":[{"name":"Layer_5","displayFrame":[{"value":41}]}]},{"name":"body43","bone":[{"name":"Layer_5","scaleFrame":[{"tweenEasing":0}]}],"slot":[{"name":"Layer_5","displayFrame":[{"value":42}]}]},{"name":"body44","bone":[{"name":"Layer_5","scaleFrame":[{"tweenEasing":0}]}],"slot":[{"name":"Layer_5","displayFrame":[{"value":43}]}]},{"name":"body45","bone":[{"name":"Layer_5","scaleFrame":[{"tweenEasing":0}]}],"slot":[{"name":"Layer_5","displayFrame":[{"value":44}]}]},{"name":"body46","bone":[{"name":"Layer_5","scaleFrame":[{"tweenEasing":0}]}],"slot":[{"name":"Layer_5","displayFrame":[{"value":45}]}]},{"name":"body47","bone":[{"name":"Layer_5","scaleFrame":[{"tweenEasing":0}]}],"slot":[{"name":"Layer_5","displayFrame":[{"value":46}]}]},{"name":"body48","bone":[{"name":"Layer_5","scaleFrame":[{"tweenEasing":0}]}],"slot":[{"name":"Layer_5","displayFrame":[{"value":47}]}]}]},{"name":"HeadsDB","bone":[{"inheritScale":false,"name":"Layer 4","transform":{"x":-6.5,"y":-3.99}}],"slot":[{"name":"Layer 4","parent":"Layer 4"}],"skin":[{"slot":[{"name":"Layer 4","display":[{"name":"LeBron James0","transform":{"x":0.74,"y":0.39}},{"name":"Anthony Davis","transform":{"x":0.43,"y":0.29}},{"name":"Alex Caruso","transform":{"x":0.62,"y":0.34}},{"name":"Steph Curry","transform":{"x":0.43,"y":0.48}},{"name":"Klay Thompsondrg","transform":{"x":0.2,"y":0.27}},{"name":"Draymond Green0","transform":{"x":0.59,"y":0.4}},{"name":"YANNIS ADETOKUMBO","transform":{"x":0.77,"y":0.4}},{"name":"Khris Middleton","transform":{"x":0.52,"y":0.3}},{"name":"Brook Lopez","transform":{"x":0.35,"y":0.28}},{"name":"Jayson Tatum","transform":{"x":0.49,"y":0.75}},{"name":"Kemba Walker0","transform":{"x":0.77,"y":0.26}},{"name":"Marcus Smart0","transform":{"x":0.72,"y":0.14}},{"name":"James Edward Harden","transform":{"x":0.43,"y":0.31}},{"name":"Russell Westbrook1","transform":{"y":0.51}},{"name":"LeonP.J","transform":{"x":0.38,"y":0.13}},{"name":"Joel Hans Embiid","transform":{"x":0.56,"y":0.31}},{"name":"Ben Simmons","transform":{"x":0.69,"y":0.61}},{"name":"Tobias Harris","transform":{"x":0.11,"y":1.03}},{"name":"Chris Paulawd","transform":{"x":0.29,"y":0.77}},{"name":"Gilgeous-Alexander","transform":{"x":0.34,"y":0.59}},{"name":"Steven Funaki Adams","transform":{"x":0.79,"y":0.51}},{"name":"R. J. Barrett","transform":{"x":0.27,"y":0.71}},{"name":"Julius Randle 02","transform":{"x":0.25,"y":0.29}},{"name":"Bobby Portis","transform":{"x":0.6,"y":0.67}},{"name":"Luka Doncic","transform":{"x":0.6,"y":0.57}},{"name":"Kristaps Porzi","transform":{"x":0.51,"y":0.49}},{"name":"Seth Curry","transform":{"x":0.7,"y":0.6}},{"name":"Pascal Siakam","transform":{"x":0.4,"y":0.8}},{"name":"Fredderick Edmond","transform":{"x":0.5,"y":0.34}},{"name":"Kyle Lowry","transform":{"y":0.6}},{"name":"zion williamson 32","transform":{"x":0.86,"y":0.29}},{"name":"Jrue Holiday","transform":{"x":0.51,"y":0.43}},{"name":"Lonzo Anderson Ball","transform":{"x":0.67,"y":0.43}},{"name":"Jimmi Buttler","transform":{"x":0.3,"y":0.45}},{"name":"Bam Adebayo","transform":{"x":0.58,"y":0.36}},{"name":"Tyler Herro","transform":{"x":0.78,"y":0.33}},{"name":"Nikola Vučević","transform":{"y":0.53}},{"name":"Aaron Addison Gordon","transform":{"x":0.66,"y":0.22}},{"name":"Evan Mehdi Fournier","transform":{"x":0.29,"y":0.26}},{"name":"Victor Oladipo","transform":{"x":0.23,"y":0.58}},{"name":"Domantas Sabonis","transform":{"x":0.31,"y":0.21}},{"name":"malcolm brogdon","transform":{"x":0.45,"y":0.79}},{"name":"JA MORANT0220","transform":{"x":0.62,"y":0.36}},{"name":"JONAS VALANCIUNASad","transform":{"x":0.44,"y":0.61}},{"name":"JAREN JACKSON JR","transform":{"x":0.27,"y":0.49}},{"name":"Kawhi  Leonard","transform":{"x":0.54,"y":0.7}},{"name":"Paul George01","transform":{"x":0.58,"y":0.28}},{"name":"Patrick Beverley","transform":{"x":0.42,"y":0.36}},{"name":"Nikola Jokic4","transform":{"x":0.35,"y":0.51}},{"name":"Jamal Murray","transform":{"x":0.29,"y":0.18}},{"name":"Will Barton","transform":{"x":0.62,"y":0.12}},{"name":"Donovan Mitchell","transform":{"x":0.2,"y":0.39}},{"name":"JOE INGLES0","transform":{"x":0.46,"y":0.17}},{"name":"MIKE CONLEY","transform":{"x":0.54,"y":0.31}},{"name":"Kevin Durant012","transform":{"x":0.22,"y":0.38}},{"name":"Kyrie Irving 012","transform":{"x":0.3,"y":0.43}},{"name":"Jarrett Allen","transform":{"x":0.44,"y":0.43}},{"name":"jordan021","transform":{"x":0.4,"y":0.28}},{"name":"pippen_01","transform":{"x":0.57,"y":0.65}},{"name":"rodman01","transform":{"x":0.46,"y":0.51}}]}]}],"animation":[{"name":"head1","bone":[{"name":"Layer 4","scaleFrame":[{"tweenEasing":0}]}]},{"name":"head2","bone":[{"name":"Layer 4","translateFrame":[{"tweenEasing":0,"x":-1.45,"y":-1.87}],"scaleFrame":[{"tweenEasing":0,"x":1.0982,"y":1.0982}]}],"slot":[{"name":"Layer 4","displayFrame":[{"value":1}]}]},{"name":"head3","bone":[{"name":"Layer 4","translateFrame":[{"tweenEasing":0,"x":-2.76,"y":-8.33}],"scaleFrame":[{"tweenEasing":0}]}],"slot":[{"name":"Layer 4","displayFrame":[{"value":2}]}]},{"name":"head4","bone":[{"name":"Layer 4","translateFrame":[{"tweenEasing":0,"x":-4.51,"y":-12.33}],"scaleFrame":[{"tweenEasing":0,"x":1.2026,"y":1.2026}]}],"slot":[{"name":"Layer 4","displayFrame":[{"value":3}]}]},{"name":"head5","bone":[{"name":"Layer 4","translateFrame":[{"tweenEasing":0,"x":-9.56,"y":-13.31}],"scaleFrame":[{"tweenEasing":0}]}],"slot":[{"name":"Layer 4","displayFrame":[{"value":4}]}]},{"name":"head6","bone":[{"name":"Layer 4","translateFrame":[{"tweenEasing":0,"x":-6.12,"y":-4.17}],"scaleFrame":[{"tweenEasing":0}]}],"slot":[{"name":"Layer 4","displayFrame":[{"value":5}]}]},{"name":"head7","bone":[{"name":"Layer 4","translateFrame":[{"tweenEasing":0,"x":1.61,"y":-14.24}],"scaleFrame":[{"tweenEasing":0}]}],"slot":[{"name":"Layer 4","displayFrame":[{"value":6}]}]},{"name":"head8","bone":[{"name":"Layer 4","translateFrame":[{"tweenEasing":0,"x":4.38,"y":-7.78}],"scaleFrame":[{"tweenEasing":0}]}],"slot":[{"name":"Layer 4","displayFrame":[{"value":7}]}]},{"name":"head9","bone":[{"name":"Layer 4","translateFrame":[{"tweenEasing":0,"x":6.42,"y":3.1}],"scaleFrame":[{"tweenEasing":0}]}],"slot":[{"name":"Layer 4","displayFrame":[{"value":8}]}]},{"name":"head10","bone":[{"name":"Layer 4","translateFrame":[{"tweenEasing":0,"x":3.19,"y":11.05}],"scaleFrame":[{"tweenEasing":0}]}],"slot":[{"name":"Layer 4","displayFrame":[{"value":9}]}]},{"name":"head11","bone":[{"name":"Layer 4","translateFrame":[{"tweenEasing":0,"x":-0.68,"y":-2.81}],"scaleFrame":[{"tweenEasing":0}]}],"slot":[{"name":"Layer 4","displayFrame":[{"value":10}]}]},{"name":"head12","bone":[{"name":"Layer 4","translateFrame":[{"tweenEasing":0,"x":5.1,"y":-11.82}],"scaleFrame":[{"tweenEasing":0}]}],"slot":[{"name":"Layer 4","displayFrame":[{"value":11}]}]},{"name":"head13","bone":[{"name":"Layer 4","translateFrame":[{"tweenEasing":0,"x":11.39,"y":6.16}],"scaleFrame":[{"tweenEasing":0,"x":1.1615,"y":1.1615}]}],"slot":[{"name":"Layer 4","displayFrame":[{"value":12}]}]},{"name":"head14","bone":[{"name":"Layer 4","translateFrame":[{"tweenEasing":0,"x":-4.59,"y":-2.3}],"scaleFrame":[{"tweenEasing":0,"x":0.8777,"y":0.8777}]}],"slot":[{"name":"Layer 4","displayFrame":[{"value":13}]}]},{"name":"head15","bone":[{"name":"Layer 4","translateFrame":[{"tweenEasing":0,"x":5.31,"y":2.89}],"scaleFrame":[{"tweenEasing":0}]}],"slot":[{"name":"Layer 4","displayFrame":[{"value":14}]}]},{"name":"head16","bone":[{"name":"Layer 4","translateFrame":[{"tweenEasing":0,"x":0.59,"y":-5.83}],"scaleFrame":[{"tweenEasing":0}]}],"slot":[{"name":"Layer 4","displayFrame":[{"value":15}]}]},{"name":"head17","bone":[{"name":"Layer 4","translateFrame":[{"tweenEasing":0,"x":-5.19,"y":-6.59}],"scaleFrame":[{"tweenEasing":0,"x":1.1499,"y":1.1499}]}],"slot":[{"name":"Layer 4","displayFrame":[{"value":16}]}]},{"name":"head18","bone":[{"name":"Layer 4","translateFrame":[{"tweenEasing":0,"x":-5.65,"y":-7.06}],"scaleFrame":[{"tweenEasing":0}]}],"slot":[{"name":"Layer 4","displayFrame":[{"value":17}]}]},{"name":"head19","bone":[{"name":"Layer 4","translateFrame":[{"tweenEasing":0,"x":-7.35,"y":-2.98}],"scaleFrame":[{"tweenEasing":0}]}],"slot":[{"name":"Layer 4","displayFrame":[{"value":18}]}]},{"name":"head20","bone":[{"name":"Layer 4","translateFrame":[{"tweenEasing":0,"x":1.06,"y":-13.39}],"scaleFrame":[{"tweenEasing":0}]}],"slot":[{"name":"Layer 4","displayFrame":[{"value":19}]}]},{"name":"head21","bone":[{"name":"Layer 4","translateFrame":[{"tweenEasing":0,"x":-3.4,"y":3.01}],"scaleFrame":[{"tweenEasing":0}]}],"slot":[{"name":"Layer 4","displayFrame":[{"value":20}]}]},{"name":"head22","bone":[{"name":"Layer 4","translateFrame":[{"tweenEasing":0,"x":-6.72,"y":-6.42}],"scaleFrame":[{"tweenEasing":0}]}],"slot":[{"name":"Layer 4","displayFrame":[{"value":21}]}]},{"name":"head23","bone":[{"name":"Layer 4","translateFrame":[{"tweenEasing":0,"x":5.69,"y":-8.67}],"scaleFrame":[{"tweenEasing":0}]}],"slot":[{"name":"Layer 4","displayFrame":[{"value":22}]}]},{"name":"head24","bone":[{"name":"Layer 4","translateFrame":[{"tweenEasing":0,"x":9.35,"y":-17.39}],"scaleFrame":[{"tweenEasing":0}]}],"slot":[{"name":"Layer 4","displayFrame":[{"value":23}]}]},{"name":"head25","bone":[{"name":"Layer 4","translateFrame":[{"tweenEasing":0,"x":1.61,"y":-22.7}],"scaleFrame":[{"tweenEasing":0}]}],"slot":[{"name":"Layer 4","displayFrame":[{"value":24}]}]},{"name":"head26","bone":[{"name":"Layer 4","translateFrame":[{"tweenEasing":0,"x":-7.01,"y":-15.43}],"scaleFrame":[{"tweenEasing":0}]}],"slot":[{"name":"Layer 4","displayFrame":[{"value":25}]}]},{"name":"head27","bone":[{"name":"Layer 4","translateFrame":[{"tweenEasing":0,"x":-4.12,"y":-8.21}],"scaleFrame":[{"tweenEasing":0}]}],"slot":[{"name":"Layer 4","displayFrame":[{"value":26}]}]},{"name":"head28","bone":[{"name":"Layer 4","translateFrame":[{"tweenEasing":0,"x":3.06,"y":-7.14}],"scaleFrame":[{"tweenEasing":0}]}],"slot":[{"name":"Layer 4","displayFrame":[{"value":27}]}]},{"name":"head29","bone":[{"name":"Layer 4","translateFrame":[{"tweenEasing":0,"x":-1.4,"y":-2.47}],"scaleFrame":[{"tweenEasing":0}]}],"slot":[{"name":"Layer 4","displayFrame":[{"value":28}]}]},{"name":"head30","bone":[{"name":"Layer 4","translateFrame":[{"tweenEasing":0,"x":-5.91,"y":-10.8}],"scaleFrame":[{"tweenEasing":0}]}],"slot":[{"name":"Layer 4","displayFrame":[{"value":29}]}]},{"name":"head31","bone":[{"name":"Layer 4","translateFrame":[{"tweenEasing":0,"x":0.42,"y":-18.28}],"scaleFrame":[{"tweenEasing":0,"x":0.9295,"y":0.9295}]}],"slot":[{"name":"Layer 4","displayFrame":[{"value":30}]}]},{"name":"head32","bone":[{"name":"Layer 4","translateFrame":[{"tweenEasing":0,"x":17.21,"y":-18.75}],"scaleFrame":[{"tweenEasing":0}]}],"slot":[{"name":"Layer 4","displayFrame":[{"value":31}]}]},{"name":"head33","bone":[{"name":"Layer 4","translateFrame":[{"tweenEasing":0,"x":-6.84,"y":-13.73}],"scaleFrame":[{"tweenEasing":0}]}],"slot":[{"name":"Layer 4","displayFrame":[{"value":32}]}]},{"name":"head34","bone":[{"name":"Layer 4","translateFrame":[{"tweenEasing":0,"x":7.27,"y":-16.71}],"scaleFrame":[{"tweenEasing":0,"x":1.2254,"y":1.2254}]}],"slot":[{"name":"Layer 4","displayFrame":[{"value":33}]}]},{"name":"head35","bone":[{"name":"Layer 4","translateFrame":[{"tweenEasing":0,"x":-0.38,"y":7.09}],"scaleFrame":[{"tweenEasing":0}]}],"slot":[{"name":"Layer 4","displayFrame":[{"value":34}]}]},{"name":"head36","bone":[{"name":"Layer 4","translateFrame":[{"tweenEasing":0,"x":-2,"y":-6.34}],"scaleFrame":[{"tweenEasing":0,"x":0.803,"y":0.803}]}],"slot":[{"name":"Layer 4","displayFrame":[{"value":35}]}]},{"name":"head37","bone":[{"name":"Layer 4","translateFrame":[{"tweenEasing":0,"x":-0.64,"y":-13.09}],"scaleFrame":[{"tweenEasing":0}]}],"slot":[{"name":"Layer 4","displayFrame":[{"value":36}]}]},{"name":"head38","bone":[{"name":"Layer 4","translateFrame":[{"tweenEasing":0,"x":-1.74,"y":-4.47}],"scaleFrame":[{"tweenEasing":0}]}],"slot":[{"name":"Layer 4","displayFrame":[{"value":37}]}]},{"name":"head39","bone":[{"name":"Layer 4","translateFrame":[{"tweenEasing":0,"x":3.53,"y":-7.7}],"scaleFrame":[{"tweenEasing":0}]}],"slot":[{"name":"Layer 4","displayFrame":[{"value":38}]}]},{"name":"head40","bone":[{"name":"Layer 4","translateFrame":[{"tweenEasing":0,"x":-3.4,"y":-12.2}],"scaleFrame":[{"tweenEasing":0}]}],"slot":[{"name":"Layer 4","displayFrame":[{"value":39}]}]},{"name":"head41","bone":[{"name":"Layer 4","translateFrame":[{"tweenEasing":0,"x":-7.14,"y":-9.78}],"scaleFrame":[{"tweenEasing":0}]}],"slot":[{"name":"Layer 4","displayFrame":[{"value":40}]}]},{"name":"head42","bone":[{"name":"Layer 4","translateFrame":[{"tweenEasing":0,"x":-5.95,"y":-14.45}],"scaleFrame":[{"tweenEasing":0}]}],"slot":[{"name":"Layer 4","displayFrame":[{"value":41}]}]},{"name":"head43","bone":[{"name":"Layer 4","translateFrame":[{"tweenEasing":0,"x":5.01,"y":-27.29}],"scaleFrame":[{"tweenEasing":0,"x":0.7996,"y":0.7996}]}],"slot":[{"name":"Layer 4","displayFrame":[{"value":42}]}]},{"name":"head44","bone":[{"name":"Layer 4","translateFrame":[{"tweenEasing":0,"x":-5.27,"y":0.46}],"scaleFrame":[{"tweenEasing":0,"x":1.143,"y":1.143}]}],"slot":[{"name":"Layer 4","displayFrame":[{"value":43}]}]},{"name":"head45","bone":[{"name":"Layer 4","translateFrame":[{"tweenEasing":0,"x":-0.34,"y":-21.13}],"scaleFrame":[{"tweenEasing":0,"x":1.143,"y":1.143}]}],"slot":[{"name":"Layer 4","displayFrame":[{"value":44}]}]},{"name":"head46","bone":[{"name":"Layer 4","translateFrame":[{"tweenEasing":0,"x":-0.26,"y":-7.61}],"scaleFrame":[{"tweenEasing":0}]}],"slot":[{"name":"Layer 4","displayFrame":[{"value":45}]}]},{"name":"head47","bone":[{"name":"Layer 4","translateFrame":[{"tweenEasing":0,"x":-5.74,"y":-1.28}],"scaleFrame":[{"tweenEasing":0}]}],"slot":[{"name":"Layer 4","displayFrame":[{"value":46}]}]},{"name":"head48","bone":[{"name":"Layer 4","translateFrame":[{"tweenEasing":0,"x":1.83,"y":-8.72}],"scaleFrame":[{"tweenEasing":0}]}],"slot":[{"name":"Layer 4","displayFrame":[{"value":47}]}]},{"name":"head49","bone":[{"name":"Layer 4","translateFrame":[{"tweenEasing":0,"x":-0.72,"y":-4.08}],"scaleFrame":[{"tweenEasing":0}]}],"slot":[{"name":"Layer 4","displayFrame":[{"value":48}]}]},{"name":"head50","bone":[{"name":"Layer 4","translateFrame":[{"tweenEasing":0,"x":0.55,"y":-17}],"scaleFrame":[{"tweenEasing":0}]}],"slot":[{"name":"Layer 4","displayFrame":[{"value":49}]}]},{"name":"head51","bone":[{"name":"Layer 4","translateFrame":[{"tweenEasing":0,"x":6.46,"y":3.35}],"scaleFrame":[{"tweenEasing":0}]}],"slot":[{"name":"Layer 4","displayFrame":[{"value":50}]}]},{"name":"head52","bone":[{"name":"Layer 4","translateFrame":[{"tweenEasing":0,"x":2.12,"y":-15.39}],"scaleFrame":[{"tweenEasing":0,"x":0.9896,"y":0.9896}]}],"slot":[{"name":"Layer 4","displayFrame":[{"value":51}]}]},{"name":"head53","bone":[{"name":"Layer 4","translateFrame":[{"tweenEasing":0,"x":-2.38,"y":-5.53}],"scaleFrame":[{"tweenEasing":0,"x":1.143,"y":1.143}]}],"slot":[{"name":"Layer 4","displayFrame":[{"value":52}]}]},{"name":"head54","bone":[{"name":"Layer 4","translateFrame":[{"tweenEasing":0,"x":-0.98,"y":-4.34}],"scaleFrame":[{"tweenEasing":0,"x":1.143,"y":1.143}]}],"slot":[{"name":"Layer 4","displayFrame":[{"value":53}]}]},{"name":"head55","bone":[{"name":"Layer 4","translateFrame":[{"tweenEasing":0,"x":3.31,"y":8.2}],"scaleFrame":[{"tweenEasing":0}]}],"slot":[{"name":"Layer 4","displayFrame":[{"value":54}]}]},{"name":"head56","bone":[{"name":"Layer 4","translateFrame":[{"tweenEasing":0,"x":-2,"y":-10.33}],"scaleFrame":[{"tweenEasing":0}]}],"slot":[{"name":"Layer 4","displayFrame":[{"value":55}]}]},{"name":"head57","bone":[{"name":"Layer 4","translateFrame":[{"tweenEasing":0,"x":0.85,"y":-26.86}],"scaleFrame":[{"tweenEasing":0}]}],"slot":[{"name":"Layer 4","displayFrame":[{"value":56}]}]},{"name":"head58","bone":[{"name":"Layer 4","translateFrame":[{"tweenEasing":0,"x":-2.93,"y":-0.9}],"scaleFrame":[{"tweenEasing":0}]}],"slot":[{"name":"Layer 4","displayFrame":[{"value":57}]}]},{"name":"head59","bone":[{"name":"Layer 4","translateFrame":[{"tweenEasing":0,"x":-7.44,"y":-3.02}],"scaleFrame":[{"tweenEasing":0}]}],"slot":[{"name":"Layer 4","displayFrame":[{"value":58}]}]},{"name":"head60","bone":[{"name":"Layer 4","translateFrame":[{"tweenEasing":0,"x":-15.43,"y":0.34}],"scaleFrame":[{"tweenEasing":0}]}],"slot":[{"name":"Layer 4","displayFrame":[{"value":59}]}]}]},{"name":"dbanims/LeftHandDB2","bone":[{"inheritScale":false,"name":"Layer_4","transform":{"x":10.5,"y":5.23}}],"slot":[{"name":"Layer_4","parent":"Layer_4"}],"skin":[{"slot":[{"name":"Layer_4","display":[{"name":"hh0","transform":{"x":0.39,"y":0.47}},{"name":"hh1","transform":{"x":0.39,"y":0.47}},{"name":"hh2","transform":{"x":0.39,"y":0.47}}]}]}],"animation":[{"name":"hand1","bone":[{"name":"Layer_4","scaleFrame":[{"tweenEasing":0}]}]},{"name":"hand2","bone":[{"name":"Layer_4","scaleFrame":[{"tweenEasing":0}]}],"slot":[{"name":"Layer_4","displayFrame":[{"value":1}]}]},{"name":"hand3","bone":[{"name":"Layer_4","scaleFrame":[{"tweenEasing":0}]}],"slot":[{"name":"Layer_4","displayFrame":[{"value":2}]}]}]},{"name":"dbanims/LegsDB2","bone":[{"inheritScale":false,"name":"Layer_5","transform":{"x":-2.51,"y":-1.15,"scX":-1}}],"slot":[{"name":"Layer_5","parent":"Layer_5"}],"skin":[{"slot":[{"name":"Layer_5","display":[{"name":"l0","transform":{"x":0.19,"y":0.42}},{"name":"l1","transform":{"x":0.19,"y":0.42}},{"name":"l2","transform":{"x":0.19,"y":0.42}},{"name":"l3","transform":{"x":0.19,"y":0.42}},{"name":"l4","transform":{"x":0.19,"y":0.42}},{"name":"l5","transform":{"x":0.19,"y":0.42}},{"name":"l6","transform":{"x":0.19,"y":0.42}},{"name":"l7","transform":{"x":0.19,"y":0.42}},{"name":"l8","transform":{"x":0.19,"y":0.42}},{"name":"l9","transform":{"x":0.19,"y":0.42}},{"name":"l10","transform":{"x":0.19,"y":0.42}},{"name":"l11","transform":{"x":0.19,"y":0.42}},{"name":"l12","transform":{"x":0.19,"y":0.42}},{"name":"l13","transform":{"x":0.19,"y":0.42}},{"name":"l14","transform":{"x":0.19,"y":0.42}}]}]}],"animation":[{"name":"leg1","bone":[{"name":"Layer_5","scaleFrame":[{"tweenEasing":0}]}]},{"name":"leg2","bone":[{"name":"Layer_5","scaleFrame":[{"tweenEasing":0}]}],"slot":[{"name":"Layer_5","displayFrame":[{"value":1}]}]},{"name":"leg3","bone":[{"name":"Layer_5","scaleFrame":[{"tweenEasing":0}]}],"slot":[{"name":"Layer_5","displayFrame":[{"value":2}]}]},{"name":"leg4","bone":[{"name":"Layer_5","scaleFrame":[{"tweenEasing":0}]}],"slot":[{"name":"Layer_5","displayFrame":[{"value":3}]}]},{"name":"leg5","bone":[{"name":"Layer_5","scaleFrame":[{"tweenEasing":0}]}],"slot":[{"name":"Layer_5","displayFrame":[{"value":4}]}]},{"name":"leg6","bone":[{"name":"Layer_5","scaleFrame":[{"tweenEasing":0}]}],"slot":[{"name":"Layer_5","displayFrame":[{"value":5}]}]},{"name":"leg7","bone":[{"name":"Layer_5","scaleFrame":[{"tweenEasing":0}]}],"slot":[{"name":"Layer_5","displayFrame":[{"value":6}]}]},{"name":"leg8","bone":[{"name":"Layer_5","scaleFrame":[{"tweenEasing":0}]}],"slot":[{"name":"Layer_5","displayFrame":[{"value":7}]}]},{"name":"leg9","bone":[{"name":"Layer_5","scaleFrame":[{"tweenEasing":0}]}],"slot":[{"name":"Layer_5","displayFrame":[{"value":8}]}]},{"name":"leg10","bone":[{"name":"Layer_5","scaleFrame":[{"tweenEasing":0}]}],"slot":[{"name":"Layer_5","displayFrame":[{"value":9}]}]},{"name":"leg11","bone":[{"name":"Layer_5","translateFrame":[{"tweenEasing":0,"y":-0.04}],"scaleFrame":[{"tweenEasing":0}]}],"slot":[{"name":"Layer_5","displayFrame":[{"value":10}]}]},{"name":"leg12","bone":[{"name":"Layer_5","scaleFrame":[{"tweenEasing":0}]}],"slot":[{"name":"Layer_5","displayFrame":[{"value":11}]}]},{"name":"leg13","bone":[{"name":"Layer_5","scaleFrame":[{"tweenEasing":0}]}],"slot":[{"name":"Layer_5","displayFrame":[{"value":12}]}]},{"name":"leg14","bone":[{"name":"Layer_5","scaleFrame":[{"tweenEasing":0}]}],"slot":[{"name":"Layer_5","displayFrame":[{"value":13}]}]},{"name":"leg15","bone":[{"name":"Layer_5","scaleFrame":[{"tweenEasing":0}]}],"slot":[{"name":"Layer_5","displayFrame":[{"value":14}]}]}]},{"name":"dbanims/tears_01","bone":[{"inheritScale":false,"name":"Layer 2","transform":{"x":-19.29,"y":-13.3}}],"slot":[{"name":"Layer 2","parent":"Layer 2"}],"skin":[{"slot":[{"name":"Layer 2","display":[{"name":"tears01","transform":{"x":0.22,"y":0.48}},{"name":"tears02","transform":{"x":0.43,"y":0.02}},{"name":"tears03","transform":{"x":0.22,"y":0.46}},{"name":"tears04","transform":{"x":0.42,"y":0.56}},{"name":"tears05","transform":{"x":0.4,"y":0.51}}]}]}],"animation":[{"duration":5,"playTimes":0,"fadeInTime":0.3,"name":"anim","bone":[{"name":"Layer 2","translateFrame":[{"tweenEasing":0},{"tweenEasing":0,"x":-1.15,"y":-0.72},{"tweenEasing":0,"x":2.04,"y":-2.21},{"tweenEasing":0,"x":0.29,"y":-0.38},{"tweenEasing":0,"x":-1.62,"y":0.76}],"scaleFrame":[{"duration":5}]}],"slot":[{"name":"Layer 2","displayFrame":[{},{"value":1},{"value":2},{"value":3},{"value":4}]}]}]},{"name":"dbanims/CupDB","bone":[{"inheritScale":false,"name":"Layer 1"}],"slot":[{"name":"Layer 1","parent":"Layer 1"}],"skin":[{"slot":[{"name":"Layer 1","display":[{"name":"dbanims/cup_01","transform":{"x":0.73,"y":0.2}},{"name":"dbanims/cup_02","transform":{"x":0.77,"y":0.2}},{"name":"dbanims/cup_03","transform":{"x":0.77,"y":0.2}}]}]}],"animation":[{"name":"cup0","slot":[{"name":"Layer 1","displayFrame":[{"value":-1}]}]},{"name":"cup1","bone":[{"name":"Layer 1","scaleFrame":[{"tweenEasing":0}]}]},{"name":"cup2","bone":[{"name":"Layer 1","translateFrame":[{"tweenEasing":0,"x":-0.04}],"scaleFrame":[{"tweenEasing":0}]}],"slot":[{"name":"Layer 1","displayFrame":[{"value":1}]}]},{"name":"cup3","bone":[{"name":"Layer 1","translateFrame":[{"tweenEasing":0,"x":-0.04}],"scaleFrame":[{"tweenEasing":0}]}],"slot":[{"name":"Layer 1","displayFrame":[{"value":2}]}]}]},{"name":"playerH0","bone":[{"inheritScale":false,"name":"left leg","transform":{"x":8.16,"y":-11.69}},{"inheritScale":false,"name":"body","transform":{"x":-11.13,"y":-68.21}},{"inheritScale":false,"name":"right leg","transform":{"x":-12.24,"y":-11.69}},{"inheritScale":false,"name":"ball","transform":{"x":80.54,"y":-112.16,"skX":60,"skY":60,"scX":0.8265,"scY":0.8265}},{"inheritScale":false,"name":"left hand","transform":{"x":68.04,"y":-150.36,"skX":-45,"skY":-45}},{"inheritScale":false,"name":"head","transform":{"x":-13.6,"y":-140.5,"skX":6.2,"skY":6.2}},{"inheritScale":false,"name":"right hand","transform":{"x":-41.86,"y":-40.71,"skX":45,"skY":45}}],"slot":[{"name":"left leg","parent":"left leg"},{"name":"body","parent":"body"},{"name":"right leg","parent":"right leg"},{"name":"ball","parent":"ball"},{"name":"left hand","parent":"left hand"},{"name":"head","parent":"head"},{"name":"right hand","parent":"right hand"}],"skin":[{"slot":[{"name":"left leg","display":[{"name":"l0","transform":{"x":0.19,"y":0.42}}]},{"name":"body","display":[{"name":"b0","transform":{"x":0.71,"y":0.23}}]},{"name":"right leg","display":[{"name":"l0","transform":{"x":0.19,"y":0.42}}]},{"name":"ball","display":[{"name":".Game/ball/BallClip","transform":{"x":0.04,"y":0.09}}]},{"name":"left hand","display":[{"name":"h00","transform":{"x":0.09,"y":0.65}}]},{"name":"head","display":[{"name":"LeBron James0","transform":{"x":0.78,"y":0.39}}]},{"name":"right hand","display":[{"name":"h0","transform":{"x":0.43,"y":0.47}}]}]}],"animation":[{"duration":26,"name":"anim","bone":[{"name":"left leg","translateFrame":[{"duration":4,"tweenEasing":0},{"duration":4,"tweenEasing":0,"x":2.44,"y":-12.01},{"duration":18}],"rotateFrame":[{"duration":4,"tweenEasing":0},{"duration":4,"tweenEasing":0,"rotate":30},{"duration":18}],"scaleFrame":[{"duration":26}]},{"name":"body","translateFrame":[{"duration":4,"tweenEasing":0},{"duration":4,"tweenEasing":0,"y":-17.85},{"duration":18}],"scaleFrame":[{"duration":26}]},{"name":"right leg","translateFrame":[{"duration":4,"tweenEasing":0},{"duration":4,"tweenEasing":0,"x":3.45,"y":-7.28},{"duration":18}],"rotateFrame":[{"duration":4,"tweenEasing":0},{"duration":4,"tweenEasing":0,"rotate":30},{"duration":18}],"scaleFrame":[{"duration":26}]},{"name":"ball","translateFrame":[{"duration":5,"tweenEasing":0},{"duration":5,"tweenEasing":0,"x":0.75,"y":-124.32},{"x":95.36,"y":-228.3},{"duration":11,"tweenEasing":0,"x":-80.54,"y":112.16},{"duration":3,"tweenEasing":0,"x":-0.13,"y":-0.01},{"tweenEasing":0}],"rotateFrame":[{"duration":5,"tweenEasing":0},{"duration":5,"tweenEasing":0,"rotate":15},{"rotate":75},{"duration":11,"tweenEasing":0,"rotate":-60},{"duration":4}],"scaleFrame":[{"duration":5,"tweenEasing":0},{"duration":5,"tweenEasing":0,"x":1.1116,"y":1.1116},{"x":2.2514,"y":2.2514},{"duration":11,"tweenEasing":0,"x":1.2099,"y":1.2099},{"duration":3,"tweenEasing":0,"x":2.2514,"y":2.2514},{"tweenEasing":0}]},{"name":"left hand","translateFrame":[{"duration":4,"tweenEasing":0},{"duration":4,"tweenEasing":0,"x":-32.42,"y":11.33},{"duration":10,"tweenEasing":0,"x":-25.63,"y":92.66},{"duration":5,"tweenEasing":0,"x":-25.63,"y":92.66},{"duration":3,"tweenEasing":0}],"rotateFrame":[{"duration":4,"tweenEasing":0},{"duration":4,"tweenEasing":0,"rotate":-75},{"duration":10,"tweenEasing":0,"rotate":60},{"duration":5,"tweenEasing":0,"rotate":60},{"duration":3,"tweenEasing":0}],"scaleFrame":[{"duration":26}]},{"name":"head","translateFrame":[{"duration":4,"tweenEasing":0},{"duration":4,"tweenEasing":0,"x":-1.02,"y":-28.04},{"duration":18}],"rotateFrame":[{"duration":4,"tweenEasing":0},{"duration":4,"tweenEasing":0,"rotate":-14.99},{"duration":18}],"scaleFrame":[{"duration":26}]},{"name":"right hand","translateFrame":[{"duration":4,"tweenEasing":0},{"duration":4,"tweenEasing":0,"x":88.19,"y":-91.19},{"duration":17,"tweenEasing":0,"x":-3.27,"y":-3.37},{"tweenEasing":0}],"rotateFrame":[{"duration":4,"tweenEasing":0},{"duration":4,"tweenEasing":0,"rotate":-150},{"duration":17,"tweenEasing":0,"rotate":-30},{"tweenEasing":0}],"scaleFrame":[{"duration":4,"tweenEasing":0},{"duration":4,"tweenEasing":0,"x":1.7481,"y":1.7481},{"duration":18}]}],"slot":[{"name":"ball","displayFrame":[{"duration":11},{"duration":11,"value":-1},{"duration":4}],"colorFrame":[{"duration":5,"tweenEasing":0},{"duration":5,"tweenEasing":0},{"value":{"aM":0}},{"duration":11,"tweenEasing":0},{"duration":3,"tweenEasing":0,"value":{"aM":0}},{"tweenEasing":0}]}]}]},{"name":"playerH1","bone":[{"inheritScale":false,"name":"left leg","transform":{"x":8.16,"y":-11.6}},{"inheritScale":false,"name":"body","transform":{"x":-11.13,"y":-72.63}},{"inheritScale":false,"name":"right leg","transform":{"x":-12.24,"y":-11.6}},{"inheritScale":false,"name":"ball","transform":{"x":62.86,"y":-81.81,"skX":60,"skY":60,"scX":0.8265,"scY":0.8265}},{"inheritScale":false,"name":"left hand","transform":{"x":60.99,"y":-121.21}},{"inheritScale":false,"name":"head","transform":{"x":-20.1,"y":-152.87}},{"inheritScale":false,"name":"right hand","transform":{"x":-45.09,"y":-48.49,"skX":15,"skY":15}}],"slot":[{"name":"left leg","parent":"left leg"},{"name":"body","parent":"body"},{"name":"right leg","parent":"right leg"},{"name":"ball","parent":"ball"},{"name":"left hand","parent":"left hand"},{"name":"head","parent":"head"},{"name":"right hand","parent":"right hand"}],"skin":[{"slot":[{"name":"left leg","display":[{"name":"l0","transform":{"x":0.19,"y":0.42}}]},{"name":"body","display":[{"name":"b0","transform":{"x":0.71,"y":0.23}}]},{"name":"right leg","display":[{"name":"l0","transform":{"x":0.19,"y":0.42}}]},{"name":"ball","display":[{"name":".Game/ball/BallClip","transform":{"x":0.04,"y":0.13}}]},{"name":"left hand","display":[{"name":"h00","transform":{"x":0.17,"y":0.61}},{"type":"armature","name":"dbanims/LeftHandDB"}]},{"name":"head","display":[{"name":"LeBron James0","transform":{"x":0.74,"y":0.39}}]},{"name":"right hand","display":[{"name":"h0","transform":{"x":0.39,"y":0.47}}]}]}],"animation":[{"duration":35,"name":"anim","bone":[{"name":"left leg","translateFrame":[{"duration":3,"tweenEasing":0},{"duration":10,"tweenEasing":0,"x":19.51},{"duration":3,"tweenEasing":0,"x":19.51},{"duration":19,"tweenEasing":0}],"scaleFrame":[{"duration":35}]},{"name":"body","translateFrame":[{"duration":3,"tweenEasing":0},{"duration":10,"tweenEasing":0,"y":14.15},{"duration":3,"tweenEasing":0,"y":14.15},{"duration":19,"tweenEasing":0}],"scaleFrame":[{"duration":35}]},{"name":"right leg","translateFrame":[{"duration":3,"tweenEasing":0},{"duration":10,"tweenEasing":0,"x":-29.24},{"duration":3,"tweenEasing":0,"x":-29.24},{"duration":19,"tweenEasing":0}],"scaleFrame":[{"duration":35}]},{"name":"ball","translateFrame":[{"duration":3,"tweenEasing":0},{"duration":10,"tweenEasing":0,"x":-55.65,"y":-170.75},{"duration":3,"tweenEasing":0,"x":-55.65,"y":-170.75},{"duration":19,"tweenEasing":0,"x":2.62,"y":-0.24}],"rotateFrame":[{"duration":13,"tweenEasing":0},{"duration":3,"tweenEasing":0},{"duration":19,"tweenEasing":0,"rotate":15}],"scaleFrame":[{"duration":13,"tweenEasing":0},{"duration":3,"tweenEasing":0},{"duration":19,"tweenEasing":0,"x":0.9942,"y":0.9941}]},{"name":"left hand","translateFrame":[{"duration":3,"tweenEasing":0},{"duration":10,"tweenEasing":0,"x":-21.66,"y":-94.91},{"duration":3,"tweenEasing":0,"x":-21.66,"y":-94.91},{"duration":19,"tweenEasing":0,"x":-7.91,"y":-8.46}],"rotateFrame":[{"duration":3,"tweenEasing":0},{"duration":10,"tweenEasing":0,"rotate":-120},{"duration":3,"tweenEasing":0,"rotate":-120},{"duration":19,"tweenEasing":0}],"scaleFrame":[{"duration":35}]},{"name":"head","translateFrame":[{"duration":3,"tweenEasing":0},{"duration":10,"tweenEasing":0,"y":14.15},{"duration":3,"tweenEasing":0,"y":14.15},{"duration":19,"tweenEasing":0}],"scaleFrame":[{"duration":35}]},{"name":"right hand","translateFrame":[{"duration":3,"tweenEasing":0},{"duration":10,"tweenEasing":0,"x":7.08,"y":-185.85},{"duration":3,"tweenEasing":0,"x":7.08,"y":-185.85},{"duration":19,"tweenEasing":0}],"rotateFrame":[{"duration":3,"tweenEasing":0},{"duration":10,"tweenEasing":0,"rotate":-105},{"duration":3,"tweenEasing":0,"rotate":-105},{"duration":19,"tweenEasing":0}],"scaleFrame":[{"duration":3,"tweenEasing":0},{"duration":10,"tweenEasing":0,"x":1.2128,"y":1.2128},{"duration":3,"tweenEasing":0,"x":1.2128,"y":1.2128},{"duration":19,"tweenEasing":0}]}],"slot":[{"name":"left hand","displayFrame":[{"duration":16},{"duration":19,"value":1}]}]}]},{"name":"playerH2","bone":[{"inheritScale":false,"name":"left leg","transform":{"x":8.16,"y":-11.6}},{"inheritScale":false,"name":"body","transform":{"x":-11.13,"y":-72.63}},{"inheritScale":false,"name":"right leg","transform":{"x":-12.24,"y":-11.6}},{"inheritScale":false,"name":"left hand","transform":{"x":42.63,"y":-51.38}},{"inheritScale":false,"name":"head","transform":{"x":-20.1,"y":-152.87}},{"inheritScale":false,"name":"right hand","transform":{"x":-45.09,"y":-48.49,"skX":15,"skY":15}},{"inheritScale":false,"name":"effects stun","transform":{"x":-15.51,"y":-145.52}}],"slot":[{"name":"left leg","parent":"left leg"},{"name":"body","parent":"body"},{"name":"right leg","parent":"right leg"},{"name":"left hand","parent":"left hand"},{"name":"head","parent":"head"},{"name":"right hand","parent":"right hand"},{"name":"effects stun","parent":"effects stun"}],"skin":[{"slot":[{"name":"left leg","display":[{"name":"l0","transform":{"x":0.19,"y":0.42}}]},{"name":"body","display":[{"name":"b0","transform":{"x":0.71,"y":0.23}}]},{"name":"right leg","display":[{"name":"l0","transform":{"x":0.19,"y":0.42}}]},{"name":"left hand","display":[{"name":"h00","transform":{"x":0.17,"y":0.61}}]},{"name":"head","display":[{"name":"LeBron James0","transform":{"x":0.74,"y":0.39}}]},{"name":"right hand","display":[{"name":"h0","transform":{"x":0.39,"y":0.47}}]},{"name":"effects stun","display":[{"type":"armature","name":".Game/dbanims/backwind_01"}]}]}],"animation":[{"duration":49,"name":"anim","bone":[{"name":"left leg","translateFrame":[{"duration":5,"tweenEasing":1},{"duration":4,"tweenEasing":-1,"x":34.88,"y":-21.97},{"duration":5,"tweenEasing":1},{"duration":4,"tweenEasing":-1,"x":-54.96,"y":-24.22},{"tweenEasing":0},{"duration":2,"tweenEasing":0,"x":39.67,"y":-44.81},{"duration":2,"tweenEasing":0,"x":21.77,"y":-36.75},{"duration":2,"tweenEasing":0,"x":-42.8,"y":-10.88},{"duration":2,"tweenEasing":0,"x":-83.42,"y":-40.91},{"duration":2,"tweenEasing":0,"x":46.59,"y":-74.81},{"tweenEasing":0,"x":39.67,"y":-44.81},{"duration":5,"tweenEasing":1},{"duration":4,"tweenEasing":-1,"x":34.88,"y":-21.97},{"duration":5,"tweenEasing":1},{"duration":4,"tweenEasing":-1,"x":-54.96,"y":-24.22},{"tweenEasing":0}],"rotateFrame":[{"duration":5,"tweenEasing":1},{"duration":4,"tweenEasing":-1,"rotate":-30},{"duration":5,"tweenEasing":1},{"duration":4,"tweenEasing":-1,"rotate":45},{"tweenEasing":0},{"duration":2,"tweenEasing":0,"rotate":-45.01},{"duration":2,"tweenEasing":0,"rotate":59.99},{"duration":2,"tweenEasing":0,"rotate":-0.01},{"duration":2,"tweenEasing":0,"rotate":74.99},{"duration":2,"tweenEasing":0,"rotate":-45.01},{"tweenEasing":0,"rotate":-45.01},{"duration":5,"tweenEasing":1},{"duration":4,"tweenEasing":-1,"rotate":-30},{"duration":5,"tweenEasing":1},{"duration":4,"tweenEasing":-1,"rotate":45},{"tweenEasing":0}],"scaleFrame":[{"duration":49}]},{"name":"body","translateFrame":[{"duration":5,"tweenEasing":1},{"duration":4,"tweenEasing":-1,"y":-23.42},{"duration":5,"tweenEasing":1,"y":4.5},{"duration":4,"tweenEasing":-1,"y":-23.42},{"tweenEasing":0,"y":4.5},{"duration":3,"tweenEasing":0,"x":8.45,"y":-43.64},{"duration":7,"tweenEasing":0,"x":-9.17,"y":-23.32},{"tweenEasing":0,"x":8.45,"y":-43.64},{"duration":5,"tweenEasing":1},{"duration":4,"tweenEasing":-1,"y":-23.42},{"duration":5,"tweenEasing":1,"y":4.5},{"duration":4,"tweenEasing":-1,"y":-23.42},{"tweenEasing":0,"y":4.5}],"rotateFrame":[{"duration":18,"tweenEasing":1},{"tweenEasing":0},{"duration":3,"tweenEasing":0,"rotate":-0.95},{"duration":7,"tweenEasing":0,"rotate":36.77},{"tweenEasing":0,"rotate":-0.95},{"duration":19}],"scaleFrame":[{"duration":49}]},{"name":"right leg","translateFrame":[{"duration":5,"tweenEasing":1},{"duration":4,"tweenEasing":-1,"x":-25.41,"y":-18.83},{"duration":5,"tweenEasing":1},{"duration":4,"tweenEasing":-1,"x":60.41,"y":-26.57},{"tweenEasing":0},{"duration":2,"tweenEasing":0,"x":-34.93,"y":-34.99},{"duration":2,"tweenEasing":0,"x":-70.38,"y":-36.79},{"duration":2,"tweenEasing":0,"x":43.95,"y":-45.99},{"duration":4,"tweenEasing":0,"x":3.7,"y":-7.7},{"tweenEasing":0,"x":-34.93,"y":-34.99},{"duration":5,"tweenEasing":1},{"duration":4,"tweenEasing":-1,"x":-25.41,"y":-18.83},{"duration":5,"tweenEasing":1},{"duration":4,"tweenEasing":-1,"x":60.41,"y":-26.57},{"tweenEasing":0}],"rotateFrame":[{"duration":5,"tweenEasing":1},{"duration":4,"tweenEasing":-1,"rotate":45},{"duration":5,"tweenEasing":1},{"duration":4,"tweenEasing":-1,"rotate":-30},{"tweenEasing":0},{"duration":2,"tweenEasing":0,"rotate":59.99},{"duration":2,"tweenEasing":0,"rotate":59.99},{"duration":2,"tweenEasing":0,"rotate":29.99},{"duration":4,"tweenEasing":0,"rotate":-0.01},{"tweenEasing":0,"rotate":59.99},{"duration":5,"tweenEasing":1},{"duration":4,"tweenEasing":-1,"rotate":45},{"duration":5,"tweenEasing":1},{"duration":4,"tweenEasing":-1,"rotate":-30},{"tweenEasing":0}],"scaleFrame":[{"duration":49}]},{"name":"left hand","translateFrame":[{"duration":5,"tweenEasing":1},{"duration":4,"tweenEasing":-1,"x":43.45,"y":-25.7},{"duration":5,"tweenEasing":1,"x":21.25,"y":4.46},{"duration":4,"tweenEasing":-1,"x":11.59,"y":-14.67},{"tweenEasing":0,"x":4.63,"y":4.5},{"duration":6,"tweenEasing":0,"x":25.76,"y":-67.79},{"duration":4,"tweenEasing":0,"x":-26.58,"y":-33.18},{"tweenEasing":0,"x":15.57,"y":-69.54},{"duration":5,"tweenEasing":1},{"duration":4,"tweenEasing":-1,"x":43.45,"y":-25.7},{"duration":5,"tweenEasing":1,"x":21.25,"y":4.46},{"duration":4,"tweenEasing":-1,"x":11.59,"y":-14.67},{"tweenEasing":0,"x":4.63,"y":4.5}],"rotateFrame":[{"duration":5,"tweenEasing":1},{"duration":4,"tweenEasing":-1,"rotate":-15},{"duration":5,"tweenEasing":1},{"duration":4,"tweenEasing":-1,"rotate":15},{"tweenEasing":0},{"duration":6,"tweenEasing":0,"rotate":44.99},{"duration":4,"tweenEasing":0,"rotate":50.99},{"tweenEasing":0,"rotate":-45.01},{"duration":5,"tweenEasing":1},{"duration":4,"tweenEasing":-1,"rotate":-15},{"duration":5,"tweenEasing":1},{"duration":4,"tweenEasing":-1,"rotate":15},{"tweenEasing":0}],"scaleFrame":[{"duration":19,"tweenEasing":1},{"duration":6,"tweenEasing":0},{"duration":4,"tweenEasing":0,"x":0.9995,"y":0.9995},{"duration":20}]},{"name":"head","translateFrame":[{"duration":5,"tweenEasing":1},{"duration":4,"tweenEasing":-1,"x":-0.58,"y":-24.13},{"duration":5,"tweenEasing":1,"x":10.29,"y":12.5},{"duration":4,"tweenEasing":-1,"x":-0.58,"y":-24.13},{"tweenEasing":0,"x":6.54,"y":12.45},{"duration":4,"tweenEasing":0,"x":12.25,"y":-50.03},{"duration":6,"tweenEasing":0,"x":45.54,"y":-24.27},{"tweenEasing":0,"x":12.25,"y":-50.03},{"duration":5,"tweenEasing":1},{"duration":4,"tweenEasing":-1,"x":-0.58,"y":-24.13},{"duration":5,"tweenEasing":1,"x":10.29,"y":12.5},{"duration":4,"tweenEasing":-1,"x":-0.58,"y":-24.13},{"tweenEasing":0,"x":6.54,"y":12.45}],"rotateFrame":[{"duration":5,"tweenEasing":1},{"duration":4,"tweenEasing":-1,"rotate":-9.19},{"duration":5,"tweenEasing":1,"rotate":6.2},{"duration":4,"tweenEasing":-1,"rotate":-9.19},{"tweenEasing":0,"rotate":6.2},{"duration":4,"tweenEasing":0,"rotate":-15.01},{"duration":6,"tweenEasing":0,"rotate":22.71},{"tweenEasing":0,"rotate":-15.01},{"duration":5,"tweenEasing":1},{"duration":4,"tweenEasing":-1,"rotate":-9.19},{"duration":5,"tweenEasing":1,"rotate":6.2},{"duration":4,"tweenEasing":-1,"rotate":-9.19},{"tweenEasing":0,"rotate":6.2}],"scaleFrame":[{"duration":49}]},{"name":"right hand","translateFrame":[{"duration":5,"tweenEasing":1},{"duration":4,"tweenEasing":-1,"x":-28.45,"y":-18.14},{"duration":5,"tweenEasing":1,"x":0.04,"y":4.51},{"duration":4,"tweenEasing":-1,"x":17.6,"y":-25.05},{"tweenEasing":0,"x":0.04,"y":4.51},{"duration":5,"tweenEasing":0,"x":-31.63,"y":-77.6},{"duration":5,"tweenEasing":0,"x":-14.61,"y":-60.08},{"tweenEasing":0,"x":-31.63,"y":-77.6},{"duration":5,"tweenEasing":1},{"duration":4,"tweenEasing":-1,"x":-28.45,"y":-18.14},{"duration":5,"tweenEasing":1,"x":0.04,"y":4.51},{"duration":4,"tweenEasing":-1,"x":17.6,"y":-25.05},{"tweenEasing":0,"x":0.04,"y":4.51}],"rotateFrame":[{"duration":5,"tweenEasing":1},{"duration":4,"tweenEasing":-1,"rotate":30},{"duration":5,"tweenEasing":1},{"duration":4,"tweenEasing":-1,"rotate":-30},{"tweenEasing":0},{"duration":5,"tweenEasing":0,"rotate":74.05},{"duration":5,"tweenEasing":0,"rotate":51.77},{"tweenEasing":0,"rotate":74.05},{"duration":5,"tweenEasing":1},{"duration":4,"tweenEasing":-1,"rotate":30},{"duration":5,"tweenEasing":1},{"duration":4,"tweenEasing":-1,"rotate":-30},{"tweenEasing":0}],"scaleFrame":[{"duration":49}]},{"name":"effects stun","translateFrame":[{"duration":19,"tweenEasing":0,"x":15.51,"y":145.52},{"duration":10,"tweenEasing":0},{},{"duration":19,"tweenEasing":0,"x":15.51,"y":145.52}],"scaleFrame":[{"duration":49}]}],"slot":[{"name":"effects stun","displayFrame":[{"duration":19,"value":-1},{"duration":11},{"duration":19,"value":-1}],"colorFrame":[{"duration":19,"tweenEasing":0},{"duration":5,"tweenEasing":0,"value":{"aM":48}},{"duration":5,"tweenEasing":0},{"value":{"aM":32}},{"duration":19,"tweenEasing":0}]}]}]},{"name":".Game/dbanims/backwind_01","bone":[{"inheritScale":false,"name":"Layer 1","transform":{"x":-82.83,"y":15.73}}],"slot":[{"name":"Layer 1","parent":"Layer 1"}],"skin":[{"slot":[{"name":"Layer 1","display":[{"name":".Game/wind0","transform":{"x":0.25,"y":0.29}},{"name":".Game/wind1","transform":{"x":0.24,"y":0.34}},{"name":".Game/wind2","transform":{"x":0.1,"y":0.68}}]}]}],"animation":[{"duration":6,"name":"anim","bone":[{"name":"Layer 1","translateFrame":[{"duration":2,"tweenEasing":0},{"duration":2,"tweenEasing":0,"x":-11.35,"y":-2.43},{"duration":2,"tweenEasing":0,"x":2.51,"y":-7.61}],"scaleFrame":[{"duration":6}]}],"slot":[{"name":"Layer 1","displayFrame":[{"duration":2},{"duration":2,"value":1},{"duration":2,"value":2}]}]}]},{"name":"playerH3","bone":[{"inheritScale":false,"name":"left leg","transform":{"x":8.16,"y":-11.6}},{"inheritScale":false,"name":"body","transform":{"x":-11.13,"y":-72.63}},{"inheritScale":false,"name":"right leg","transform":{"x":-12.24,"y":-11.6}},{"inheritScale":false,"name":"left hand","transform":{"x":43.99,"y":-60.9}},{"inheritScale":false,"name":"head","transform":{"x":-20.1,"y":-152.87}},{"inheritScale":false,"name":"right hand","transform":{"x":-45.09,"y":-48.49,"skX":15,"skY":15}},{"inheritScale":false,"name":"effects stun","transform":{"x":-152.66,"y":-130.39,"skX":-56.49,"skY":-56.49,"scX":1.6991,"scY":1.6991}}],"slot":[{"name":"left leg","parent":"left leg"},{"name":"body","parent":"body"},{"name":"right leg","parent":"right leg"},{"name":"left hand","parent":"left hand"},{"name":"head","parent":"head"},{"name":"right hand","parent":"right hand"},{"name":"effects stun","parent":"effects stun"}],"skin":[{"slot":[{"name":"left leg","display":[{"name":"l0","transform":{"x":0.19,"y":0.42}}]},{"name":"body","display":[{"name":"b0","transform":{"x":0.71,"y":0.23}}]},{"name":"right leg","display":[{"name":"l0","transform":{"x":0.19,"y":0.42}}]},{"name":"left hand","display":[{"name":"h00","transform":{"x":0.17,"y":0.61}}]},{"name":"head","display":[{"name":"LeBron James0","transform":{"x":0.74,"y":0.39}}]},{"name":"right hand","display":[{"name":"h0","transform":{"x":0.39,"y":0.47}}]},{"name":"effects stun","display":[{"name":"dbanims/kuynya_01","transform":{"x":-43.82,"y":-14.32}}]}]}],"animation":[{"duration":30,"name":"anim","bone":[{"name":"left leg","translateFrame":[{"duration":2,"tweenEasing":0},{"duration":6,"tweenEasing":0,"x":26.18,"y":-0.85},{"duration":4,"tweenEasing":0,"x":7.61},{"duration":18,"tweenEasing":0}],"scaleFrame":[{"duration":30}]},{"name":"body","translateFrame":[{"duration":2,"tweenEasing":0},{"duration":6,"tweenEasing":0,"x":-4.97,"y":-19.13},{"duration":4,"tweenEasing":0,"x":3.71,"y":-6.89},{"duration":18,"tweenEasing":0}],"rotateFrame":[{"duration":2,"tweenEasing":0},{"duration":6,"tweenEasing":0,"rotate":-7.46},{"duration":4,"tweenEasing":0,"rotate":20.22},{"duration":18,"tweenEasing":0}],"scaleFrame":[{"duration":30}]},{"name":"right leg","translateFrame":[{"duration":2,"tweenEasing":0},{"duration":6,"tweenEasing":0,"x":-31.49,"y":-0.85},{"duration":4,"tweenEasing":0,"x":-12.79},{"duration":18,"tweenEasing":0}],"scaleFrame":[{"duration":30}]},{"name":"left hand","translateFrame":[{"duration":2,"tweenEasing":0},{"duration":6,"tweenEasing":0,"x":3.15,"y":-30.29},{"duration":4,"tweenEasing":0,"x":6.88,"y":-11.8},{"duration":18,"tweenEasing":0}],"rotateFrame":[{"duration":2,"tweenEasing":0},{"duration":6,"tweenEasing":0,"rotate":-30},{"duration":4,"tweenEasing":0,"rotate":-23.76},{"duration":18,"tweenEasing":0}],"scaleFrame":[{"duration":30}]},{"name":"head","translateFrame":[{"duration":2,"tweenEasing":0},{"duration":6,"tweenEasing":0,"x":-15.71,"y":-16.31},{"duration":4,"tweenEasing":0,"x":31.18,"y":-4.34},{"duration":18,"tweenEasing":0}],"rotateFrame":[{"duration":2,"tweenEasing":0},{"duration":6,"tweenEasing":0,"rotate":-14.91},{"duration":4,"tweenEasing":0,"rotate":12.77},{"duration":18,"tweenEasing":0}],"scaleFrame":[{"duration":30}]},{"name":"right hand","translateFrame":[{"duration":2,"tweenEasing":0},{"duration":3,"tweenEasing":-1,"x":-58.18,"y":-91.76},{"duration":3,"tweenEasing":0,"x":117.68,"y":21.44},{"duration":4,"tweenEasing":0,"x":99.65,"y":18.5},{"duration":18,"tweenEasing":0}],"rotateFrame":[{"duration":2,"tweenEasing":0},{"duration":3,"tweenEasing":-1,"rotate":-153.46},{"duration":3,"tweenEasing":0,"rotate":-15},{"duration":4,"tweenEasing":0,"rotate":21.24},{"duration":18,"tweenEasing":0}],"scaleFrame":[{"duration":2,"tweenEasing":0},{"duration":3,"tweenEasing":-1,"x":2.7258,"y":2.7258},{"duration":3,"tweenEasing":0,"x":1.6761,"y":1.6761},{"duration":4,"tweenEasing":0,"x":1.6761,"y":1.6761},{"duration":18,"tweenEasing":0}]},{"name":"effects stun","translateFrame":[{"duration":2,"tweenEasing":0,"x":152.66,"y":130.39},{"tweenEasing":0},{"tweenEasing":0,"x":27.24,"y":11.86},{"tweenEasing":0,"x":97.85,"y":19.93},{"tweenEasing":0,"x":215.96,"y":60.11},{"tweenEasing":0,"x":215.96,"y":60.11},{"tweenEasing":0,"x":208.55,"y":79.6},{"tweenEasing":0,"x":217.24,"y":77.77},{"x":188.19,"y":79.74},{"duration":20,"tweenEasing":0,"x":152.66,"y":130.39}],"rotateFrame":[{"duration":2,"tweenEasing":0,"rotate":56.49},{"tweenEasing":0},{"tweenEasing":0,"rotate":2.73},{"tweenEasing":0,"rotate":26.93},{"tweenEasing":0,"rotate":64.2},{"tweenEasing":0,"rotate":64.2},{"tweenEasing":0,"rotate":94.2},{"tweenEasing":0,"rotate":106.43},{"rotate":115.19},{"duration":20,"tweenEasing":0,"rotate":56.49}],"scaleFrame":[{"duration":2,"tweenEasing":0,"x":0.5885,"y":0.5885},{"tweenEasing":0},{"duration":3,"tweenEasing":0,"x":1.488,"y":1.488},{"tweenEasing":0,"x":1.488,"y":1.488},{"tweenEasing":0,"x":1.2171,"y":1.2171},{"tweenEasing":0,"x":0.7784,"y":0.7784},{"x":0.633,"y":0.633},{"duration":20,"tweenEasing":0,"x":0.5885,"y":0.5885}]}],"slot":[{"name":"effects stun","displayFrame":[{"duration":2,"value":-1},{"duration":8},{"duration":20,"value":-1}],"colorFrame":[{"duration":2,"tweenEasing":0},{"tweenEasing":0,"value":{"aM":33}},{"duration":3,"tweenEasing":0},{"tweenEasing":0},{"duration":2,"tweenEasing":0,"value":{"aM":56}},{"value":{"aM":56}},{"duration":20,"tweenEasing":0}]}]}]},{"name":"playerH4","bone":[{"inheritScale":false,"name":"left leg","transform":{"x":8.16,"y":-11.6}},{"inheritScale":false,"name":"body","transform":{"x":-11.13,"y":-72.63}},{"inheritScale":false,"name":"right leg","transform":{"x":-12.24,"y":-11.6}},{"inheritScale":false,"name":"left hand","transform":{"x":30.47,"y":-59.88}},{"inheritScale":false,"name":"head","transform":{"x":-20.1,"y":-152.87}},{"inheritScale":false,"name":"right hand","transform":{"x":-53.89,"y":-56.27,"skX":15,"skY":15}}],"slot":[{"name":"left leg","parent":"left leg"},{"name":"body","parent":"body"},{"name":"right leg","parent":"right leg"},{"name":"left hand","parent":"left hand"},{"name":"head","parent":"head"},{"name":"right hand","parent":"right hand"}],"skin":[{"slot":[{"name":"left leg","display":[{"name":"l0","transform":{"x":0.19,"y":0.42}}]},{"name":"body","display":[{"name":"b0","transform":{"x":0.71,"y":0.23}}]},{"name":"right leg","display":[{"name":"l0","transform":{"x":0.19,"y":0.42}}]},{"name":"left hand","display":[{"type":"armature","name":"dbanims/LeftHandDB"},{"name":"h00","transform":{"x":0.13,"y":0.57}}]},{"name":"head","display":[{"name":"LeBron James0","transform":{"x":0.74,"y":0.39}}]},{"name":"right hand","display":[{"type":"armature","name":"dbanims/RightHandDB","transform":{"x":0.04,"y":0.04}},{"name":"h0","transform":{"x":0.35,"y":0.43}}]}]}],"animation":[{"duration":47,"name":"anim","bone":[{"name":"left leg","translateFrame":[{"duration":2,"tweenEasing":0},{"duration":23,"tweenEasing":0,"x":13.56},{"duration":4,"tweenEasing":0,"x":13.56},{"duration":18,"tweenEasing":0}],"scaleFrame":[{"duration":47}]},{"name":"body","translateFrame":[{"duration":2,"tweenEasing":0},{"duration":23,"tweenEasing":0,"x":-6.25,"y":4.29},{"duration":4,"tweenEasing":0,"x":-6.25,"y":4.29},{"duration":18,"tweenEasing":0}],"scaleFrame":[{"duration":47}]},{"name":"right leg","translateFrame":[{"duration":2,"tweenEasing":0},{"duration":23,"tweenEasing":0,"x":-28.13},{"duration":4,"tweenEasing":0,"x":-28.13},{"duration":18,"tweenEasing":0}],"scaleFrame":[{"duration":47}]},{"name":"left hand","translateFrame":[{"duration":2,"tweenEasing":0},{"duration":23,"tweenEasing":0,"x":11.73,"y":-10.24},{"duration":4,"tweenEasing":0,"x":11.73,"y":-10.24},{"duration":18,"tweenEasing":0,"x":7.95,"y":8.5}],"rotateFrame":[{"duration":2,"tweenEasing":0},{"duration":23,"tweenEasing":0,"rotate":-90},{"duration":4,"tweenEasing":0,"rotate":-90},{"duration":18,"tweenEasing":0}],"scaleFrame":[{"duration":2,"tweenEasing":0},{"duration":23,"tweenEasing":0,"x":1.2949,"y":1.2949},{"duration":4,"tweenEasing":0,"x":1.2949,"y":1.2949},{"duration":18,"tweenEasing":0}]},{"name":"head","translateFrame":[{"duration":2,"tweenEasing":0},{"duration":23,"tweenEasing":0,"y":6.8},{"duration":4,"tweenEasing":0,"y":6.8},{"duration":18,"tweenEasing":0}],"scaleFrame":[{"duration":47}]},{"name":"right hand","translateFrame":[{"duration":2,"tweenEasing":0},{"duration":23,"tweenEasing":0,"x":59.37,"y":-6.59},{"duration":4,"tweenEasing":0,"x":59.37,"y":-6.59},{"duration":18,"tweenEasing":0,"x":8.83,"y":7.83}],"rotateFrame":[{"duration":2,"tweenEasing":0},{"duration":23,"tweenEasing":0,"rotate":-105},{"duration":4,"tweenEasing":0,"rotate":-105},{"duration":18,"tweenEasing":0}],"scaleFrame":[{"duration":2,"tweenEasing":0},{"duration":23,"tweenEasing":0,"x":1.4247,"y":1.4247},{"duration":4,"tweenEasing":0,"x":1.4247,"y":1.4247},{"duration":18,"tweenEasing":0}]}],"slot":[{"name":"left hand","displayFrame":[{"duration":2},{"duration":45,"value":1}]},{"name":"right hand","displayFrame":[{"duration":2},{"duration":45,"value":1}]}]}]},{"name":"dbanims/LeftHandDB","bone":[{"inheritScale":false,"name":"Layer_3","transform":{"x":7.91,"y":8.46}}],"slot":[{"name":"Layer_3","parent":"Layer_3"}],"skin":[{"slot":[{"name":"Layer_3","display":[{"name":"h00","transform":{"x":0.17,"y":0.61}},{"name":"h01","transform":{"x":0.17,"y":0.61}},{"name":"h02","transform":{"x":0.17,"y":0.61}}]}]}],"animation":[{"name":"hand1","bone":[{"name":"Layer_3","scaleFrame":[{"tweenEasing":0}]}]},{"name":"hand2","bone":[{"name":"Layer_3","scaleFrame":[{"tweenEasing":0}]}],"slot":[{"name":"Layer_3","displayFrame":[{"value":1}]}]},{"name":"hand3","bone":[{"name":"Layer_3","scaleFrame":[{"tweenEasing":0}]}],"slot":[{"name":"Layer_3","displayFrame":[{"value":2}]}]}]},{"name":"dbanims/RightHandDB","bone":[{"inheritScale":false,"name":"Layer_4","transform":{"x":10.5,"y":5.23}}],"slot":[{"name":"Layer_4","parent":"Layer_4"}],"skin":[{"slot":[{"name":"Layer_4","display":[{"name":"h0","transform":{"x":0.39,"y":0.47}},{"name":"h1","transform":{"x":0.39,"y":0.47}},{"name":"h2","transform":{"x":0.39,"y":0.47}}]}]}],"animation":[{"name":"hand1","bone":[{"name":"Layer_4","scaleFrame":[{"tweenEasing":0}]}]},{"name":"hand2","bone":[{"name":"Layer_4","scaleFrame":[{"tweenEasing":0}]}],"slot":[{"name":"Layer_4","displayFrame":[{"value":1}]}]},{"name":"hand3","bone":[{"name":"Layer_4","scaleFrame":[{"tweenEasing":0}]}],"slot":[{"name":"Layer_4","displayFrame":[{"value":2}]}]}]}]}